id,lat,long,name,city,craving,tags,addresse
3,48.8647839,2.3481741,Kodama,75002,cafe,coeur/the,"30 Rue Tiquetonne, 75002 Paris"
4,48.8655242,2.3373715,Cafe Kitsune,75001,cafe,,"51 Gal de Montpensier, 75001 Paris"
5,48.8646364,2.3530365,Partisan Café Artisanal,75003,cafe,coeur/torrefacteur,"36 Rue de Turbigo, 75003 Paris"
9,48.8903077,2.3553145,Lomi,75018,cafe,coeur/torrefacteur,"3 ter Rue Marcadet, 75018 Paris"
14,48.8526863,2.376747,Passager,75011,cafe,,"107 Av. Ledru Rollin, 75012 Paris"
17,48.8562232,2.3690393,BACK IN BLACK by KB Coffee Roasters,75011,cafe,,"25 Rue Amelot, 75011 Paris"
19,48.8832539,2.3742482,Belleville Brûlerie - Paris,75019,cafe,torrefacteur,"14b Rue Lally-Tollendal, 75019 Paris"
20,48.8661837,2.3363585,Télescope,75001,cafe,,"5 Rue Villédo, 75001 Paris"
26,48.8864335,2.3282134,La Main Noire,75018,cafe,,"12 Rue Cavallotti, 75018 Paris"
28,48.8908722,2.3402927,Two Doors Coffee-Shop,75018,cafe,,"27 Rue Francœur, 75018 Paris"
29,48.887082,2.317856,Dose Paris • Batignolles,75017,cafe,torrefacteur,"82 Place du Dr Félix Lobligeois, 75017 Paris"
30,48.8917471,2.3233068,Espeletia Café,75017,cafe,torrefacteur,"52 Rue Davy, 75017 Paris"
38,48.8543713,2.3249371,Certified café,75007,cafe,,"83P Rue du Bac, 75007 Paris"
40,48.8470061,2.3481962,TRAM café librairie,75005,cafe,coeur,"47 Rue de la Montagne Ste Geneviève, 75005 Paris"
43,48.8735287,2.3822625,Combat,75019,bar,,"63 Rue de Belleville, 75019 Paris"
44,48.8640676,2.3658365,Bisou.,75003,bar,,"15 Bd du Temple, 75003 Paris"
45,48.854815,2.3759872,Fréquence,75011,bar,,"20 Rue Keller, 75011 Paris"
46,48.8627195,2.3734617,Dirty Lemon,75011,bar,,"24 Rue de la Folie Méricourt, 75011 Paris"
47,48.8752266,2.35072,Divine,75010,bar,,"61 Rue d'Hauteville, 75010 Paris"
48,48.8765783,2.339409,RAP Epicerie Fine Italienne,75009,commerce,italien,"4 Rue Flechier, 75009 Paris"
61,48.8502785,2.3237801,La Grande Épicerie de Paris - Rive Gauche,75007,commerce,epicerie/boucherie/poissonerie/primeur/vins,"38 Rue de Sèvres, 75007 Paris"
62,48.858210,2.275830,La Grande Épicerie de Paris - Rive Droite,75016,commerce,epicerie/boucherie/poissonerie/primeur/vins,"80 Rue de Passy, 75016 Paris"
63,,,Boucherie Terroir d'Avenir - Nil,75002,commerce,boucherie,"6 rue du Nil, 75002 Paris"
64,,,Boulangerie Terroir d'Avenir - Nil,75002,commerce,boulangerie/patisserie,"3 rue du Nil, 75002 Paris"
65,,,Crèmerie Terroir d'Avenir - Nil,75002,commerce,cremerie,"8 rue du Nil, 75002 Paris"
66,,,Primeur Terroir d'Avenir - Nil,75002,commerce,epicerie/primeur/coeur,"7 rue du Nil, 75002 Paris"
67,,,Poissonerie Terroir d'Avenir - Nil,75002,commerce,poissonerie,"8 rue du Nil, 75002 Paris"
68,,,Boucherie Terroir d'Avenir - Paul Bert,75011,commerce,boucherie,"2 rue Paul Bert, 75011 Paris"
69,,,Boulangerie Terroir d'Avenir - Paul Bert,75011,commerce,boulangerie/patisserie,"8 rue Paul Bert, 75011 Paris"
70,,,Primeur Terroir d'Avenir - Paul Bert,75011,commerce,epicerie/primeur/cremerie,"5 rue Paul Bert, 75011 Paris"
71,,,Boucherie Terroir d'Avenir - Jean-Pierre Timbaud,75011,commerce,boucherie,"84 rue Jean-Pierre Timbaud, 75011 Paris"
72,,,Primeur Terroir d'Avenir - Jean-Pierre Timbaud,75011,commerce,epicerie/primeur/cremerie,"85 rue Jean-Pierre Timbaud, 75011 Paris"
73,,,Primeur Terroir d'Avenir - Montreuil,93100,commerce,epicerie/primeur/cremerie,"9 rue du Capitaine Dreyfus, 93100 Montreuil"
74,,,Umami Matcha Café To Go,75017,cafe,the/epicierie/japonais,"5 Rue Pierre Demours, 75017 Paris"
75,48.8665548,2.3636103,Umami Matcha Café,75003,cafe,coeur/the/epicierie/japonais,"22 Rue Béranger, 75003 Paris"
77,,,Maison Plisson - BEAUMARCHAIS,75003,commerce,epicerie,"93 Boulevard Beaumarchais, 75003 Paris"
83,48.867575,2.3360435,Epices Roellinger Paris,75002,commerce,coeur/epice,"51 bis Rue Sainte-Anne, 75002 Paris"
85,48.8576963,2.3055815,Lastre Sans Apostrophe,75007,commerce,boucherie,"188 Rue de Grenelle, 75007 Paris"
86,48.8547591,2.3618865,Fromagerie Laurent Dubois Bastille,75004,commerce,cremerie,"97-99 Rue Saint-Antoine, 75004"
92,48.8909286,2.3516656,La Laiterie de Paris,75018,commerce,coeur/cremerie,"74 Rue des Poissonniers, 75018 Paris"
96,,,Maison Vérot - Paris 6,75006,commerce,boucherie,"3 rue Notre-Dame des Champs, 75006 Paris"
97,,,Maison Vérot - Paris 3,75003,commerce,boucherie,"38 rue de Bretagne, 75003 Paris"
99,,,Maison Vérot - Paris 9 (Galeries Lafayette),75009,commerce,boucherie,"40 boulevard Haussmann, 75009 Paris"
108,48.8687923,2.3860475,Creme,75020,commerce,cremerie/vins,"6 Rue Julien Lacroix, 75020 Paris"
109,48.8569275,2.3010287,Arnaud Nicolas - Bourdonnais,75007,commerce,boucherie,"46 Av. de la Bourdonnais, 75007 Paris"
110,48.8899137,2.341971,Arnaud Nicolas - Caulaincourt,75018,commerce,boucherie,"125 Rue Caulaincourt, 75018 Paris"
113,48.8932909,2.3398906,Au Lait Cru Fromagerie,75018,commerce,cremerie,"114 Rue Ordener, 75018 Paris"
119,48.8721462,2.3538392,TAKA & VERMO - Faubourg,75010,commerce,cremerie,"61bis Rue du Faubourg Saint-Denis, 75010 Paris"
124,48.8781606,2.3394612,Berrie Martyrs,75009,commerce,epicerie/primeur/cremerie/boucherie/vins,"21 Rue des Martyrs, 75009 Paris"
125,48.8766772,2.3355589,Berrie Saint-Lazare,75009,commerce,epicerie/primeur/cremerie/boucherie/vins,"39 Rue Saint-Lazare, 75009 Paris"
126,48.8899008,2.3202369,Berrie Moines,75017,commerce,epicerie/primeur/cremerie/boucherie/vins/coeur,"45 Rue des Moines, 75017 Paris"
128,48.8548442,2.3795163,Nanina,75011,commerce,cremerie,"24 Rue Basfroi, 75011 Paris"
129,48.8583952,2.372889,Ebisu Poissonnerie,75011,commerce,poissonerie,"30 Rue du Chemin Vert, 75011 Paris"
131,48.8643574,2.3420781,Restaurant Kei,75001,table,gastronomique/etoile/coeur,"5 Rue Coq Héron, 75001 Paris"
132,48.8535789,2.3807315,Septime,75011,table,etoile/coeur/neobistrot,"80 Rue de Charonne, 75011 Paris"
133,,,Clamato,75011,table,neobistrot/coeur,"80 Rue de Charonne, 75011 Paris"
134,,,Septime La Cave,75011,bar,vins,"3 Rue Basfroi, 75011 Paris"
142,48.8615012,2.341767,Restaurant yam'Tcha,75001,table,gastronomique/etoile,"121 Rue St Honoré, 75001 Paris"
144,,,La Scène - Stéphanie Le Quellec,75008,table,gastronomique/etoile,"32 Av. Matignon, 75008 Paris"
145,48.867702,2.3373794,Sushi-B Paris,75002,table,gastronomique/japonais,"5 Rue Rameau, 75002 Paris"
148,48.876063,2.347721,NESO,75009,table,gastronomique/etoile,"6 Rue Papillon, 75009 Paris"
153,48.8673954,2.3097858,Le Clarence,75008,table,gastronomique/etoile,"31 Av. Franklin Delano Roosevelt, 75008 Paris"
165,48.8362615,2.3224834,Mosuke,75014,table,gastronomique/etoile,"11 Rue Raymond Losserand, 75014 Paris"
167,,,MAMICHE - Paris 9,75009,commerce,boulangerie/patisserie/coeur,"45 Rue Condorcet, 75009 Paris"
168,,,MAMICHE - Paris 10,75010,commerce,boulangerie/patisserie/coeur,"32 Rue du Château d'Eau, 75010 Paris"
169,48.8638169,2.3606901,Bontemps,75003,cafe,patisserie/the/coeur,"57 Rue de Bretagne, 75003 Paris"
179,48.865241,2.328127,Le Meurice,75001,table,gastronomique,"228 Rue de Rivoli, 75001 Paris"
180,,,Cédric Grolet Opéra,75002,commerce,boulangerie/patisserie,"35 Av. de l'Opéra, 75002 Paris"
181,48.8679191,2.3473079,Boneshaker Doughnuts,75002,commerce,patisserie,"77 Rue d'Aboukir, 75002 Paris"
182,,,Fou de Pâtisserie - Martyrs,75009,commerce,patisserie,"36 Rue des Martyrs, 75009 Paris"
183,,,Fou de Pâtisserie - Montorgueil,75002,commerce,patisserie,"45 Rue Montorgueil, 75002 Paris"
184,48.8712453,2.3628904,Du Pain et des Idées,75010,commerce,boulangerie,"34 Rue Yves Toudic, 75010 Paris"
185,48.8652898,2.3687121,Boulangerie Utopie,75011,commerce,boulangerie/patisserie,"20 Rue Jean-Pierre Timbaud, 75011 Paris"
186,48.8856653,2.3377974,Pâtisserie Gilles Marchal,75018,commerce,boulangerie/patisserie,"9 Rue Ravignan, 75018 Paris"
187,48.8675969,2.3368532,Tomo,75002,cafe,patisserie/japonais/the,"11 Rue Chabanais, 75002 Paris"
189,,,Des Gâteaux et du Pain - Saint Germain,75007,commerce,boulangerie/patisserie,"89 Rue du Bac, 75007 Paris"
190,,,Des Gâteaux et du Pain - Montparnasse,75015,commerce,boulangerie/patisserie,"63 Bd Pasteur, 75015 Paris"
191,48.8702307,2.3608404,HOUSE OF 3 BROTHERS,75010,cafe,patisserie,"23/25 Rue de Lancry, 75010 Paris"
193,48.8528028,2.3852926,La Chocolaterie Cyril Lignac - Paul Bert,75011,commerce,patisserie/chocolatier,"25 Rue Chanzy, 75011 Paris"
194,,,La Pâtisserie Cyril Lignac - Poncelet,75017,commerce,boulangerie/patisserie/chocolatier,"9 Rue Bayen, 75017 Paris"
195,,,La Pâtisserie Cyril Lignac - Sèvres,75006,commerce,boulangerie/patisserie/chocolatier,"133 Rue de Sèvres, 75006 Paris"
199,48.873503,2.364797,Ten Belles,75010,commerce,boulangerie/patisserie/torrefacteur,"10 Rue de la Grange aux Belles, 75010 Paris"
200,48.8576591,2.3737094,Ten Belles Bread,75011,commerce,boulangerie/patisserie/torrefacteur,"17-19 Rue Breguet, 75011 Paris"
201,,,Ten Belles 6,75006,commerce,boulangerie/patisserie/torrefacteur,"53 Rue du Cherche-Midi, 75006 Paris"
203,,,Season Marais,75003,cafe,vege,"1 Rue Charles-François Dupuis, 75003 Paris"
204,,,SEASON AMELOT,75003,cafe,vege,"67 Rue St Sabin, 75003 Paris"
208,,,Une Glace à Paris - Paris 4,75004,commerce,glace,"15 Rue Sainte-Croix de la Bretonnerie, 75004 Paris"
209,48.885403,2.33635,Une Glace à Paris - Paris 18,75018,commerce,glace,"16 Pl. des Abbesses, 75018 Paris"
211,,,Ritz Paris Le Comptoir,75001,commerce,patisserie/coeur,"38 Rue Cambon, 75001 Paris"
212,48.8680987,2.3288932,Ritz Paris,75001,cafe,patisserie/the,"15 Pl. Vendôme, 75001 Paris"
214,,,IBRIK CAFE,75009,cafe,,"43  rue Laffitte, 75009 Paris"
215,,,IBRICK KITCHEN,75002,cafe,,"9  rue de Mulhouse, 75002 Paris"
218,,,Rose Bakery Take Away,75009,cafe,,"46 Rue des Martyrs, 75009 Paris"
220,,,Rose Bakery Café,75009,cafe,patisserie,"13 Rue Manuel, 75009 Paris"
224,48.8779892,2.34015,Sébastien Gaudard,75009,commerce,patisserie,"22 Rue des Martyrs, 75009 Paris"
229,48.8479793,2.3122056,Mori Yoshida,75007,commerce,patisserie,"65 Av. de Breteuil, 75007 Paris"
230,48.8644515,2.3645631,Jacques Genin - Marais,75003,commerce,patisserie/chocolatier,"133 Rue de Turenne, 75003 Paris"
231,,,Jacques Genin - Varenne,75007,commerce,patisserie/chocolatier,"27 Rue de Varenne, 75007 Paris"
232,,,Holybelly,75010,table,coeur,"5 Rue Lucien Sampaix, 75010 Paris"
234,48.8692042,2.3664356,IMA Vegetarian Food,75010,table,vege,"39 Quai de Valmy, 75019 Paris"
236,48.866097,2.3355537,Aki Boulangerie,75001,commerce,boulangerie/patisserie/japonais,"16 Rue Sainte-Anne, 75001 Paris"
237,48.8353826,2.3201681,Hexagone Café,75014,cafe,,"121 Rue du Château, 75014 Paris"
238,48.847445,2.3413655,La Fabrique Givrée - Paris,75005,commerce,glace,"26 Rue Soufflot, 75005 Paris"
245,48.8407592,2.3471091,=82paris,75005,cafe,japonais,"11bis Rue Vauquelin, 75005 Paris"
261,48.8713341,2.3786279,Le Petit Grain,75020,commerce,boulangerie/patisserie,"7 Rue Denoyez, 75020 Paris"
263,48.8549008,2.4020551,Le Bricheton,75020,commerce,boulangerie,"50 Rue de la Réunion, 75020 Paris"
283,48.8482223,2.354136,Boulangerie Archibald,75005,commerce,boulangerie,"28 Rue des Fossés Saint-Bernard, 75005 Paris"
284,48.8829005,2.2996108,Le Jardin Sucré,75017,commerce,patisserie/coeur,"156 Rue de Courcelles, 75017 Paris"
285,48.8540583,2.3231838,Philippe Conticini - Paris 7,75007,commerce,patisserie,"37 Rue de Varenne, 75007 Paris"
286,,,Philippe Conticini - Paris 3,75003,commerce,patisserie,"31 RUE NOTRE DAME DE NAZARETH, 75003 Paris"
287,,,Philippe Conticini - Paris 16,75016,commerce,patisserie,"42 RUE DE L'ANNONCIATION, 75016 Paris"
294,48.8630628,2.3607602,Gramme 3,75003,table,neobistrot,"86 Rue des Archives, 75003 Paris"
295,48.8469687,2.3261043,Colorova,75006,table,neobistrot/coeur,"47 Rue de l'Abbé Grégoire, 75006 Paris"
296,48.8570675,2.3746599,Pâtisserie Emma Duvéré,75011,cafe,patisserie,"41 Rue Sedaine, 75011 Paris"
302,48.8719279,2.3661899,Sain Boulangerie,75010,commerce,boulangerie,"15 Rue Marie et Louise, 75010 Paris"
303,,,The French Bastards - Oberkampf,75011,commerce,boulangerie/patisserie,"61 Rue Oberkampf, 75011 Paris"
304,,,The French Bastards - Saint-Denis,75002,commerce,boulangerie/patisserie,"181 Rue Saint-Denis, 75002 Paris"
305,,,The French Bastards - Saint-Ferdinand,75017,commerce,boulangerie/patisserie,"35 Pl. Saint-Ferdinand, 75017 Paris"
306,48.863387,2.3724971,Fermentation Générale,75011,commerce,boulangerie,"37 Rue de la Folie Méricourt, 75011 Paris"
322,48.8315185,2.3289823,Le temps et le pain,75014,commerce,boulangerie/patisserie,"7 Rue Mouton-Duvernet, 75014 Paris"
323,48.8678568,2.3480217,Plaq,75002,commerce,patisserie/coeur/chocolatier,"4 Rue du Nil, 75002 Paris"
324,48.8672734,2.3441784,Tartelettes,75002,commerce,patisserie,"102 Rue Montmartre, 75002 Paris"
325,48.8912569,2.3379019,Atelier P1,75018,commerce,boulangerie,"157 Rue Marcadet, 75018 Paris"
326,48.880248,2.3413031,Babka Zana,75009,commerce,boulangerie/patisserie,"65 Rue Condorcet, 75009 Paris"
328,48.8639329,2.4423521,Fournil Éphémère L'Atelier,93100,commerce,boulangerie,"11 Rue de l'Église, 93100 Montreuil"
329,48.8672831,2.3853019,Elements pain bio,75020,commerce,boulangerie,"3 Rue Victor Letalle, 75020 Paris"
339,48.8851843,2.3396317,Shinya Pain Montmartre,75018,commerce,boulangerie,"41 Rue des Trois Frères, 75018 Paris"
340,48.8828041,2.3172145,Boulangerie Bacillus,75017,commerce,boulangerie/patisserie,"100 Rue des Dames, 75017 Paris"
341,,,Boulangerie Bacillus - Le Marché,75017,commerce,boulangerie/patisserie,"96 Bis Rue Lemercier, 75017 Paris"
342,48.8652663,2.366502,Dreamin man,75011,cafe,,"140 Rue Amelot, 75011 Paris"
349,48.9038525,2.3113194,La Rue Palloy Boulangerie.,92110,commerce,boulangerie/patisserie,"50 Rue Palloy, 92110 Clichy"
355,48.8849882,2.3113731,Léonie - Levis,75017,commerce,boulangerie/patisserie,"96 Rue de Lévis, 75017 Paris"
369,48.8507906,2.3813834,Mokonuts Cafe and Bakery,75011,table,neobistrot/coeur,"5 Rue Saint-Bernard, 75011 Paris"
371,48.8806074,2.3500202,Les Arlots,75010,table,brasserie,"136 Rue du Faubourg Poissonnière, 75010 Paris"
372,48.8715463,2.368177,Levantine,75010,table,orient,"36 Rue Bichat, 75010 Paris"
375,48.8697061,2.3434734,Jòia,75002,table,neobistrot,"39 Rue des Jeuneurs, 75002 Paris"
376,,,Creperie Breizh Café Paris Marais,75003,table,crepes,"109 rue vieille du temple, 75003 Paris"
379,,,Creperie Breizh Café Abbesses,75018,table,crepes,"93 Rue des Martyrs, 75018 Paris"
380,,,BREIZH Café Batignolles,75017,table,crepes,"31 Rue des Batignolles, 75017 Paris"
381,,,BREIZH Café Montorgueil,75002,table,crepes,"14 Rue des Petits Carreaux, 75002 Paris"
382,,,Breizh Café Paul Bert,75011,table,crepes,"23 Rue Paul Bert, 75011 Paris"
383,,,BREIZH Café Odéon,75006,table,crepes,"1 Rue de l'Odéon, 75006 Paris"
384,,,Breizh Café Canal Saint-Martin,75010,table,crepes,"112 Quai de Jemmapes, 75010 Paris"
391,,,La Felicità,75013,table,italien,"5 Parvis Alan Turing, 75013 Paris"
393,48.8702691,2.3794311,Tripletta Belleville,75020,table,italien,"88 Bd de Belleville, 75020 Paris"
395,48.8831097,2.341917,Bijou,75018,table,italien,"10 Rue Dancourt, 75018 Paris"
396,48.8502275,2.3820566,Jouvence,75012,table,neobistrot,"172 Bis Rue du Faubourg Saint-Antoine, 75012 Paris"
397,48.89058,2.316977,Coretta,75017,table,neobistrot,"151Bis Rue Cardinet, 75017 Paris"
399,48.855031,2.341172,Ze Kitchen Galerie,75006,table,neobistrot,"4 Rue des Grands Augustins, 75006 Paris"
400,48.8493191,2.3747656,Passerini,75012,table,neobistrot/italien,"65 Rue Traversière, 75012 Paris"
401,48.8750429,2.3445439,Abri Soba,75009,table,neobistrot/japonais,"10 Rue Saulnier, 75009 Paris"
405,48.8686439,2.3862279,Dilia,75020,table,neobistrot,"1 Rue d'Eupatoria, 75020 Paris"
409,48.8609891,2.3813876,Le Servan,75011,table,neobistrot,"32 Rue Saint-Maur, 75011 Paris"
419,48.863604,2.367232,Le Clown Bar,75011,table,neobistrot,"114 Rue Amelot, 75011 Paris"
421,48.8661334,2.3362359,Restaurant Kunitoraya,75001,table,asiatique,"1 Rue Villédo, 75001 Paris"
422,,,Kunitoraya - Udon Bistro,75001,table,asiatique,"41 Rue de Richelieu, 75001 Paris"
425,48.8561495,2.3271971,Racines des Prés,75007,table,neobistrot,"1 Rue de Gribeauval, 75007 Paris"
426,48.8816433,2.3466808,Faggio Rochechouart,75009,table,italien/coeur,"72 Rue de Rochechouart, 75009 Paris"
429,,,Faggio Panorama,75002,table,italien,"16 Passage des Panoramas, 75002 Paris"
432,48.851282,2.383292,Osteria Ferrara,75011,table,italien/neobistrot,"7 Rue du Dahomey, 75011 Paris"
433,48.8496889,2.3526883,Kitchen Ter(re),75005,table,neobistrot/coeur,"26 Bd Saint-Germain, 75005 Paris"
437,48.8530078,2.3377114,Yoshinori,75006,table,neobistrot,"18 Rue Grégoire de Tours, 75006 Paris"
438,48.8528061,2.3304876,Le Bar des Prés,75006,table,neobistrot,"25 Rue du Dragon, 75006 Paris"
439,48.8590191,2.3809707,cafe du coin,75011,table,neobistrot,"9 Rue Camille Desmoulins, 75011 Paris"
440,48.8714263,2.3417173,Racines,75002,table,neobistrot/italien,"8 Pass. des Panoramas, 75002 Paris"
442,48.8649757,2.3359041,Takara,75001,table,japonais,"14 Rue Molière, 75001 Paris"
443,48.8645163,2.3494468,Dalmata Pizza Montorgueil,75002,table,italien,"8 Rue Tiquetonne, 75002 Paris"
457,48.8603009,2.3060051,Chez L'Ami Jean,75007,table,brasserie/coeur,"27 Rue Malar, 75007 Paris"
459,48.8654493,2.3289756,Kinugawa Vendôme,75001,table,japonais,"9 Rue du Mont Thabor, 75001 Paris"
460,48.8502684,2.3186866,Aida,75007,table,japonais,"1 Rue Pierre Leroux, 75007 Paris"
462,48.8804054,2.3376223,Luz Verde,75009,table,mexicain,"24 Rue Henry Monnier, 75009 Paris"
463,48.8615186,2.3781722,BRUTOS,75011,table,neobistrot/coeur,"5 Rue du Général Renault, 75011 Paris"
464,48.8626015,2.3798916,Double Dragon,75011,table,asiatique/neobistrot,"52 Rue Saint-Maur, 75011 Paris"
476,48.874196,2.3723359,Mulino Mulé,75010,table,italien,"25 Rue Sainte-Marthe, 75010 Paris"
477,48.858096,2.367436,Soon Grill,75003,table,japonais,"78 Rue des Tournelles, 75003 Paris"
479,48.8651318,2.3691085,Le Rigmarole,75011,table,neobistrot,"10 Rue du Grand Prieuré, 75011 Paris"
480,48.87304,2.344001,SUMiBi KAZ,75009,table,japonais,"11 Rue de Montyon, 75009 Paris"
484,48.8732428,2.350105,Restaurant eels,75010,table,neobistrot,"27 Rue d'Hauteville, 75010 Paris"
487,48.8672796,2.2976485,Restaurant Substance,75116,table,etoile/coeur/gastronomique,"18 Rue de Chaillot, 75016 Paris"
488,48.858151,2.388381,Yard,75011,table,neobistrot,"6 Rue de Mont-Louis, 75011 Paris"
489,48.8903736,2.3328924,Ētsi,75018,table,neobistrot/grec,"23 Rue Eugène Carrière, 75018 Paris"
491,48.879344,2.321114,Mandoobar,75008,table,asiatique,"7 Rue d'Édimbourg, 75008 Paris"
500,48.8527401,2.3849339,Le Chardenoux Cyril Lignac,75011,table,neobistrot,"1 Rue Jules Vallès, 75011 Paris"
511,48.8709479,2.3416459,Adar,75002,table,neobistrot/traiteur,"49 Pass. des Panoramas, 75002 Paris"
512,48.8725686,2.3445239,Pastore,75009,table,neobistrot/italien/coeur,"26 Rue Bergère, 75009 Paris"
520,48.8524313,2.3849962,Bistrot Paul Bert,75011,table,brasserie,"18 Rue Paul Bert, 75011 Paris"
522,48.8670442,2.3345176,Kanadé,75001,table,japonais,"8 Rue de Ventadour, 75001 Paris"
523,48.8584072,2.3849879,Café Mirabelle,75011,cafe,,"16 Rue la Vacquerie, 75011 Paris"
524,48.8711998,2.35184,TANGUY,75010,table,crepes/coeur,"15 Rue de l'Échiquier, 75010 Paris"
527,48.8637982,2.3791662,Maison Sota,75011,table,neobistrot,"3 Rue Saint-Hubert, 75011 Paris"
530,48.8745278,2.3736842,Candide,75010,table,neobistrot,"35 Rue de Sambre-et-Meuse, 75010 Paris"
531,48.8932088,2.3373063,Le Maquis,75018,table,neobistrot/coeur,"53 Rue des Cloys, 75018 Paris"
533,48.8729603,2.363288,Early June,75010,table,neobistrot,"19 Rue Jean Poulmarch, 75010 Paris"
534,48.8522001,2.3730884,Brasserie Rosie,75011,table,brasserie,"53 Rue du Faubourg Saint-Antoine, 75011 Paris"
537,48.854484,2.332758,Yen,75006,table,japonais,"22 Rue Saint-Benoît, 75006 Paris"
538,48.8611398,2.3635477,OGATA Paris,75003,table,japonais,"16 Rue Debelleyme, 75003 Paris"
539,48.8636462,2.3724034,FIEF (Fait Ici En France),75011,table,neobistrot,"44 Rue de la Folie Méricourt, 75011 Paris"
540,48.8659211,2.3490668,Shabour,75002,table,orient/etoile/gastronomique,"19 Rue Saint-Sauveur, 75002 Paris"
542,48.8641807,2.3679156,Le Tagine,75011,table,orient,"13 Rue de Crussol, 75011 Paris"
543,48.8878044,2.3347482,Chantoiseau,75018,table,neobistrot,"63 Rue Lepic, 75018 Paris"
544,48.9042407,2.3390165,Bonne Aventure,93400,table,neobistrot/vins/coeur,"59 Rue des Rosiers, 93200 Saint Ouen"
546,48.8537509,2.3404345,Kitchen Galerie Bis,75006,table,neobistrot,"25 Rue des Grands Augustins, 75006 Paris"
547,48.8578452,2.3965621,Caché,75020,table,neobistrot,"13 Vla Riberolle, 75020 Paris"
548,48.8814656,2.3183193,Le Bar à sushi Izumi,75008,table,japonais,"55 Bd des Batignolles, 75008 Paris"
549,48.8634143,2.3798308,Restaurant Aglio e Olio,75011,table,neobistrot/italien,"5 Rue Guillaume Bertrand, 75011 Paris"
551,48.86116,2.3782597,Krügen Général,75011,table,crepes,"4 Rue du Général Renault, 75011 Paris"
552,48.8681295,2.373926,Krügen Roi,75011,table,crepes,"58 Rue de la Fontaine au Roi, 75011 Paris"
553,48.871995,2.36692,ÅKE - Table & Vin,75010,table,neobistrot/vins,"8 Rue Marie et Louise, 75010 Paris"
556,48.8171214,2.3400262,Comptoir Coréen 꽁뚜아르 꼬레앙,75014,table,asiatique,"17 Bd Jourdan, 75014 Paris"
568,48.851537,2.277786,Daroco 16,75016,table,italien,"3 Pl. Clément Ader, 75016 Paris"
569,48.8671391,2.3392712,Daroco 2,75002,table,italien,"6 Rue Vivienne, 75002 Paris"
584,48.8683099,2.3417505,Cali Sisters,75002,table,vege,"17 Rue Notre Dame des Victoires, 75002 Paris"
585,48.8478379,2.3131478,Oui Mon Général !,75007,table,neobistrot,"14 Rue du Général Bertrand, 75007 Paris"
593,48.8719938,2.3476571,Kémia Paris,75009,table,neobistrot,"1 Rue Bergère, 75009 Paris"
607,48.8694776,2.3712576,Le Dauphin,75011,table,neobistrot,"131 Ave Parmentier, 75011 Paris"
609,48.8632026,2.356599,Parcelles,75003,table,neobistrot,"13 Rue Chapon, 75003 Paris"
610,48.8609861,2.3422587,Liquide par Substance,75001,table,neobistrot,"39 Rue de l'Arbre Sec, 75001 Paris"
611,48.8722886,2.3822722,PALOMA,75020,table,neobistrot,"93 Rue Julien Lacroix, 75020 Paris"
612,48.8851127,2.3357942,Sushi Shunei,75018,table,japonais,"3 Rue Audran, 75018 Paris"
614,48.8806409,2.3500587,Billili,75010,table,neobistrot,"136 Rue du Faubourg Poissonnière, 75010 Paris"
617,48.8580454,2.3966948,Amagat,75020,table,neobistrot,"23 Vla Riberolle, 75020 Paris"
631,48.8625855,2.3621245,Les enfants du marché,75003,table,neobistrot,"39 Rue de Bretagne, 75003 Paris"
632,48.8638048,2.362612,PNY Marais,75003,table,burger,"1 Rue Perrée, 75003 Paris"
633,,,PNY BURGER PIGALLE,75009,table,burger,"24 Rue Pierre Fontaine, 75009 Paris"
634,,,PNY BURGER FAUBOURG SAINT-DENIS,75010,table,burger,"50 Rue du Faubourg Saint-Denis, 75010 Paris"
635,,,PNY BURGER OBERKAMPF,75011,table,burger,"96 Rue Oberkampf, 75011 Paris"
636,,,PNY BURGER GAITÉ,75014,table,burger,"15 Rue de la Gaité, 75014 Paris"
637,,,PNY BURGER BRETONNERIE,75004,table,burger,"10 Rue Sainte-Croix de la Bretonnerie, 75004 Paris"
639,48.89445,2.340529,Le Ruisseau - Paris 18,75018,table,burger,"65 Rue du Ruisseau, 75018 Paris"
640,,,Le Ruisseau Burger Joint,75003,table,burger,"22 Rue Rambuteau, 75003 Paris"
647,48.8777917,2.3651585,STREET BANGKOK - Canal,75010,table,asiatique,"3 Rue Eugène Varlin, 75010 Paris"
651,48.8854377,2.3198813,Les frères des Batignolles,75017,pouce,orient/coeur/dwich,"45 Rue des Batignolles, 75017 Paris"
655,48.8617983,2.3829094,Yemma - Chemin Vert,75011,table,orient,"119 Rue du Chemin Vert, 75011 Paris "
656,48.8657477,2.3505033,Yemma - Saint Sauveur,75002,table,orient,"2 Rue Saint-Sauveur, 75002 Paris"
659,48.8582675,2.3534227,Homer - all about lobster,75004,table,,"21 Rue Rambuteau, 75004 Paris"
660,48.8613189,2.3650928,Pontochoux,75003,table,,"18 Rue du Pont aux Choux, 75003 Paris"
666,,,IPPUDO Louvre,75001,table,japonais,"74-76 rue Jean-Jacques Rousseau, 75001 Paris"
667,,,IPPUDO Saint-Germain,75006,table,japonais,"14 rue Grégoire de Tours, 75006 Paris"
668,,,IPPUDO République,75010,table,japonais,"6 place Jacques Bonsergent, 75010 Paris"
669,48.85464,2.338068,Kodawari Ramen (Yokochō),75006,table,japonais,"29 Rue Mazarine, 75006 Paris"
670,,,Kodawari Ramen (Tsukiji),75001,table,japonais,"12 Rue de Richelieu, 75001 Paris"
671,48.8671431,2.3348348,Hakata Choten OPERA,75001,table,japonais/coeur,"53 Rue des Petits Champs, 75001 Paris"
672,48.8629014,2.3489608,Hakata Choten Les Halles,75001,table,japonais,"16 Rue de la Grande Truanderie, 75001 Paris"
673,48.850597,2.380291,21G Dumpling,75011,table,japonais,"167 Rue du Faubourg Saint-Antoine, 75011 Paris"
677,,,Le Petit Cambodge,75010,table,asiatique,"20 Rue Alibert, 75010 Paris"
679,48.8635584,2.3442057,Café lai'Tcha,75001,table,asiatique,"7 Rue du Jour, 75001 Paris"
680,48.8682785,2.3485325,Echo,75002,cafe,burger,"95 Rue d'Aboukir, 75002 Paris"
681,48.8738363,2.3485348,Ozlem,75010,table,orient,"57 Rue des Petites Écuries, 75010 Paris"
682,48.864718,2.333787,Sanukiya,75001,table,japonais,"9 Rue d'Argenteuil, 75001 Paris"
690,48.832473,2.3296211,Restaurant Kwon,75014,table,asiatique,"7 Rue Ernest Cresson, 75014 Paris"
691,,,Miznon - 9,75009,table,orient,"3 Rue de la Grange Batelière, 75009 Paris"
692,,,Miznon - 4,75004,table,orient,"22 Rue des Ecouffes, 75004 Paris"
693,,,Miznon - 10,75010,table,orient,"37 Quai de Valmy, 75010 Paris"
697,48.8696583,2.3435979,Mr ZHAO,75002,table,japonais,"37 Rue des Jeuneurs, 75002 Paris"
699,48.8570997,2.3784981,Chez Aline,75011,pouce,dwich,"85 Rue de la Roquette, 75011 Paris"
700,48.8659891,2.3325777,EchizenSOBA TOGO,75001,table,japonais,"33 Rue Saint-Roch, 75001 Paris"
714,48.8663375,2.3331631,SANJO,75001,table,japonais,"29 Rue d'Argenteuil, 75001 Paris"
715,48.8795715,2.3481848,Délice de Condorcet,75009,table,asiatique,"10 Rue Condorcet, 75009 Paris"
716,48.8667905,2.3764513,Le Favori,75011,table,dwich,"112 Rue Saint-Maur, 75011 Paris"
718,48.8906451,2.3452711,GEMÜSE - Berliner Kebap,75018,pouce,dwich,"61 Rue Ramey, 75018 Paris"
719,48.8534569,2.374628,Sando Club,75011,table,dwich,"1 Passage Thiéré, 75011 Paris"
720,48.8746461,2.3565492,BMK Paris-Bamako,75010,table,africain,"14 Rue de la Fidélité, 75010 Paris"
721,48.8644,2.350294,Petit Bao,75002,table,asiatique,"116 Rue Saint-Denis, 75002 Paris"
723,48.8819802,2.3364629,El Nopal Taqueria,75009,table,mexicain,"5 Rue Duperré, 75009 Paris"
726,48.872194,2.362641,SAaM,75010,table,asiatique,"59Bis Rue de Lancry, 75010 Paris"
727,48.8242888,2.3680862,Pho Bida Viet Nam,75013,table,asiatique,"36 - 38 Rue Nationale, 75013 Paris"
728,48.842221,2.351932,Foyer Vietnam,75005,table,asiatique,"80 Rue Monge, 75005 Paris"
729,48.8731454,2.3603226,La Taverne de Zhao,75010,table,asiatique,"49 Rue des Vinaigriers, 75010 Paris"
732,48.8478104,2.352104,Bonvivant Pizza,75005,table,italien,"4 Rue des Écoles, 75005 Paris"
733,48.850215,2.385021,Joayo Bastille,75011,table,asiatique,"239 Rue du Faubourg Saint-Antoine, 75011 Paris"
734,48.8464963,2.3306421,Joayo Luxembourg,75006,table,asiatique,"54 Rue d'Assas, 75006 Paris"
736,48.8646675,2.3665318,Paperboy Paris,75011,cafe,,"137 Rue Amelot, 75011 Paris"
743,48.822139,2.361378,Pho Taï,75013,table,asiatique,"13 Rue Philibert Lucot, 75013 Paris"
744,48.8699347,2.3719045,Terre Rosse pizzeria,75011,table,italien,"14 Rue des Goncourt, 75011 Paris"
764,48.8740941,2.3469415,Bob De Tunis,75009,pouce,dwich/orient,"10 Rue Richer, 75009 Paris"
765,48.8229062,2.3618422,Ngoc Xuyen Saigon,75013,table,asiatique,"4 Rue Caillaux, 75013 Paris"
768,48.865999,2.379091,Sürpriz - Berliner Kebab,75011,pouce,dwich/orient,"110 Rue Oberkampf, 75011 Paris"
770,48.8816541,2.3369591,Dumbo,75009,pouce,burger/coeur,"64 Rue Jean-Baptiste Pigalle, 75009 Paris"
771,48.8752965,2.3689982,Panda Panda,75010,table,asiatique,"21 Rue Juliette Dodu, 75010 Paris"
775,48.86097,2.3689244,Aï Hsu,75011,table,japonais,"16 Rue Saint-Sébastien, 75011 Paris"
776,48.8718855,2.3626481,Bopome,75010,table,asiatique,"48 Rue de Lancry, 75010 Paris"
778,48.870765,2.3598249,Sold Out Burger,75010,pouce,burger,"2 Rue Lucien Sampaix, 75010 Paris"
779,48.8534502,2.3800439,Mokoloco,75011,pouce,dwich,"74 Rue de Charonne, 75011 Paris"
780,48.876804,2.3384727,Piou Piou,75009,pouce,burger,"3 Rue Saint-Lazare, 75009 Paris"
781,48.8600808,2.4042034,Peppe Pizzeria,75020,table,italien,"2 Place Saint-Blaise, 75020 Paris"
783,48.8731455,2.380934,Lia Siam,75019,table,asiatique,"49 Rue de Belleville, 75019 Paris"
785,48.8629736,2.3603429,Onii-San,75003,table,japonais,"82 Rue des Archives, 75003 Paris"
786,48.8714683,2.3657338,Gros Bao,75010,table,asiatique,"72 Quai de Jemmapes, 75010 Paris"
789,48.8702637,2.3106614,Restaurant Japonais d'Udon KISIN,75008,table,japonais,"9 Rue de Ponthieu, 75008 Paris"
790,48.8664318,2.3700204,Haikara,75011,table,japonais,"82 Rue de la Folie Méricourt, 75011 Paris"
793,48.8622642,2.3631778,Mao dumpling bar,75003,table,asiatique,"28 Rue de Saintonge, 75003 Paris"
796,48.8795918,2.3362627,Gili-Gili,75009,table,japonais,"48 Rue Notre Dame de Lorette, 75009 Paris"
797,48.8331379,2.3284457,A Mi-Chemin,75014,table,orient,"31 Rue Boulard, 75014 Paris"
798,48.8732284,2.3631547,Plan D - DWICH & GLACE,75010,pouce,glace,"22 Rue des Vinaigriers, 75010 Paris"
800,48.8675331,2.3765854,Nonette Banh Mi & Donuts,75011,table,asiatique,"71 Rue Jean-Pierre Timbaud, 75011 Paris"
801,48.8627252,2.3793777,Baby Love Burger,75011,table,burger,"63 Rue Saint-Maur, 75011 Paris"
802,48.8780407,2.3447269,Snack Attack,75009,pouce,dwich,"27 Rue Marguerite de Rochechouart, 75009 Paris"
805,48.8535439,2.3799816,Tapisserie,75011,commerce,patisserie,"65 Rue de Charonne, 75011 Paris"
806,48.8803441,2.3354571,Komorebi - Café - Pâtisserie,75009,cafe,dwich,"56 Rue Catherine de La Rochefoucauld, 75009 Paris"
808,,,"Le Chocolat Alain Ducasse, Comptoir Lévis",75017,commerce,chocolatier,"44 Rue de Lévis, 75107 Paris"
812,,,"Le Chocolat Alain Ducasse, Le Comptoir Martyrs",75009,commerce,chocolatier,"13 Rue des Martyrs, 75009 Paris"
814,,,"Le Chocolat Alain Ducasse, Manufacture à Paris - Paris 11",75011,commerce,chocolatier,"40 Rue de la Roquette, 75011 Paris"
815,,,"Le Chocolat Alain Ducasse, Le Comptoir Cherche-Midi",75006,commerce,chocolatier,"47 Rue du Cherche-Midi, 75006 Paris"
816,,,"Le Chocolat Alain Ducasse, Le Comptoir Palais Royal",75001,commerce,chocolatier,"11 Rue des Petits Champs, 75001 Paris"
822,48.8836293,2.3209539,Edwart Chocolatier - Batignolles,75017,commerce,chocolatier,"67 Rue des Dames, 75017 Paris"
829,48.8614574,2.3747967,Paris Dabang,75011,cafe,japonais,"6 Rue de la Folie Méricourt, 75011 Paris"
836,48.8686426,2.3344382,Restaurant Drouant,75002,table,brasserie,"16-18 Rue Gaillon, 75002 Paris"
837,48.8760122,2.3404517,Lolo cave à manger,75009,table,neobistrot,"12 Rue de Châteaudun, 75009 Paris"
855,48.867868,2.3435539,Dalia,75002,table,neobistrot,"93 Rue Montmartre, 75002 Paris"
856,48.8606098,2.3192032,Café des Ministères,75007,table,brasserie/coeur,"83 Rue de l'Université, 75007 Paris"
857,48.8658464,2.3465921,Aux Crus de Bourgogne,75002,table,brasserie,"3 Rue Bachaumont, 75002 Paris"
858,48.8617174,2.3689159,Restaurant Au Passage,75011,table,neobistrot,"1 bis Passage Saint-Sébastien, 75011 Paris"
871,48.8829775,2.3182532,Brutus - Batignolles,75017,table,crepes,"99 Rue des Dames, 75017 Paris"
872,48.8846061,2.3152708,Interfabric,75017,table,,"44 Rue Legendre, 75017  Paris"
882,48.8933757,2.3400767,étsi - l'ouzeri,75018,table,grec/neobistrot/coeur,"41 Rue du Ruisseau, 75018 Paris"
885,48.8644,2.3439996,DokiDoki - Finest Hand Roll Bar,75001,table,japonais,"59 Rue Jean-Jacques Rousseau, 75001 Paris"
888,48.8682791,2.387711,Becquetance,75020,table,neobistrot,"67 Rue de Ménilmontant, 75020 Paris"
889,48.8493254,2.3749658,Passerina,75012,table,neobistrot/italien,"65 Rue Traversière, 75012 Paris"
895,48.8667275,2.345659,Café Compagnon,75002,table,neobistrot,"22-26 Rue Léopold Bellan, 75002 Paris"
896,48.8956402,2.3472854,Champion,75018,table,,"55 Rue Championnet, 75018 Paris"
899,48.865859,2.3498718,Tekés,75002,table,neobistrot/orient/coeur/vege,"4 bis Rue Saint-Sauveur, 75002 Paris"
901,48.8528738,2.3313927,Steam Bar,75006,table,asiatique,"2 Rue du Sabot, 75006 Paris"
903,48.8737447,2.3838605,BASIS,75019,pouce,dwich,"79 Rue de Belleville, 75019 Paris"
909,48.8781184,2.3493004,BAKE.,75010,pouce,dwich/boulangerie,"96 Rue du Faubourg Poissonnière, 75010 Paris"
912,48.8900667,2.3204389,Yansai,75017,table,asiatique,"47 Rue des Moines, 75017 Paris"
915,48.8545442,2.3390387,O-Komé,75006,table,japonais,"34 Rue Dauphine, 75006 Paris"
919,48.8492484,2.3256964,Benchy,75006,table,japonais,"50 Rue du Cherche-Midi, 75006 Paris"
921,48.8637364,2.3528592,Qasti Shawarma & Grill,75003,pouce,dwich/orient,"214 Rue Saint-Martin, 75003 Paris"
922,48.8664794,2.3470505,Riha Durum,75002,pouce,dwich/orient,"1 Rue des Petits Carreaux, 75002 Paris"
923,48.8724274,2.3542717,Urfa Dürüm,75010,pouce,dwich/orient,"58 Rue du Faubourg Saint-Denis, 75010 Paris"
926,48.868115,2.3355272,Zaza par Yoni Saada,75002,table,dwich/orient,"51 Passage Choiseul, 75002 Paris"
928,48.8687302,2.3375569,Bagnard Augustin par Yoni Saada,75002,table,dwich/orient,"7 Rue Saint-Augustin, 75002 Paris"
929,48.8335793,2.3044634,Guillaume Grasso la vera Pizza Napoletana,75015,table,italien,"45 Rue Brancion, 75015 Paris"
930,48.8486408,2.3318359,Sôma Sando,75006,table,japonais,"62 Rue de Vaugirard, 75006 Paris"
931,48.8801863,2.3666679,ROUND,75010,pouce,burger,"25 Rue Louis Blanc, 75010 Paris"
932,48.8567772,2.3416032,Ha Noi 1988,75001,table,asiatique/coeur,"72 Quai des Orfèvres, 75001 Paris"
933,,,FEEL LING,75116,table,asiatique/coeur,"24 Rue Lauriston, 75116 Paris"
937,,,Dumbo Petites-Écuries,75010,pouce,burger,"14 R. des Petites Écuries, 75010 Paris"
939,,,Olive Chicken,75014,table,asiatique,"6 Rue Poinsot, 75014 Paris"
940,,,Numéro 10,75009,pouce,burger,"10 Rue Frochot, 75009 Paris"
942,,,La Sabicherie,75011,pouce,orient/dwich,"33 Rue du Faubourg Saint-Antoine, 75011 Paris"
943,,,Dizen,75009,pouce,orient/dwich,"27 Rue Pierre Fontaine, 75009 Paris"
944,,,Au pactole Nedra traiteur,75017,table,orient,"33 Rue Legendre, 75017 Paris"
949,,,Sonny’s pizza,75011,table,italien,"5 Rue de la Fontaine au Roi, 75011 Paris"
950,,,Meshuga,75006,pouce,dwich,"3 Rue Vavin, 75006 Paris"
952,,,Junk Montmartre,75002,pouce,burger,"114 Rue Montmartre, 75002 Paris"
953,,,JANET by Homer - Marais,75004,pouce,dwich,"13 Rue Rambuteau, 75004 Paris"
954,,,Bao Express,75011,table,asiatique,"10 R. Bréguet, 75011 Paris"
955,,,Enni Udon,75008,table,japonais,"6 Rue de la Renaissance, 75008 Paris"
956,,,Chez Neung,75005,table,asiatique,"70 Bd Saint-Marcel, 75005 Paris"
957,,,Xiang Piao Piao,75017,table,asiatique,"4 Rue Davy, 75017 Paris"
958,,,Spécimen Burger,75006,table,burger,"3 Rue Guisarde, 75006 Paris"
962,,,Soces,75019,table,neobistrot,"32 Rue de la Villette, 75019 Paris"
965,,,Zakuro,75002,table,japonais,"4 Rue de Port-Mahon, 75002 Paris"
969,,,Le Baratin,75020,table,neobistrot,"3 Rue Jouye-Rouve, 75020 Paris"
970,,,Komatsubaki Paris,75008,table,japonais,"3 Rue d'Artois, 75008 Paris"
971,,,Brigade du Tigre,75010,table,asiatique,"38 Rue du Faubourg Poissonnière, 75010 Paris"
972,,,BangBang Restaurant,75020,table,asiatique,"09 Rue du Liban, 75020 Paris"
976,,,Misa Bulgogi,75017,table,asiatique,"24 Rue Brey, 75017 Paris"
978,,,Casa Di Peppe,75005,table,italien,"222 Rue Saint-Jacques, 75005 Paris"
981,,,Freddy's,75006,table,neobistrot,"54 Rue de Seine, 75006 Paris"
985,,,Recoin,75011,table,neobistrot,"60 Rue St Sabin, 75011 Paris"
991,,,Les Oeillets,75011,table,neobistrot,"137 Rue Saint-Maur, 75011 Paris"
992,,,HANDO Parisian Handroll,75006,table,japonais,"89 Rue de Sèvres, 75006 Paris"
993,,,Mallory Gabsi,75017,table,gastronomique,"28 Rue des Acacias, 75017 Paris"
996,,,CHARBON KUNITORAYA,75001,table,japonais,"5 Rue Villédo, 75001 Paris"
997,,,Sugaar,75006,table,neobistrot,"5 Rue Gozlin, 75006 Paris"
998,,,Totto Restaurant,75012,table,japonais,"6 Rue Théophile Roussel, 75012 Paris"
999,,,Localino,75006,table,italien/coeur,"10 Rue de l'Odéon, 75006 Paris"
1001,,,Chakaiseki Akiyoshi,75015,table,japonais,"59 Rue Letellier, 75015 Paris"
1002,,,Ryô,75001,table,japonais,"7 Rue des Moulins, 75001 Paris"
1004,,,Le Rubis,75002,table,neobistrot,"14 Rue Léopold Bellan, 75002 Paris"
1007,,,Table,75012,table,gastronomique/etoile,"3 R. de Prague, 75012 Paris"
1013,,,Jeffrey Cagnes Paris 17ème,75017,commerce,patisserie,"24 Rue des Moines, 75017 Paris"
1014,,,Jeffrey Cagnes Paris 2ème,75002,commerce,patisserie,"73 Rue Montorgueil, 75002 Paris"
1015,,,Jade Genin,75002,commerce,chocolatier,"33 Avenue de l'Opéra, 75002 Paris"
1017,,,CAFÉ NUANCES,75001,cafe,coeur/torrefacteur,"25 Rue Danielle Casanova, 75001 Paris"
1018,,,laïzé marais,75003,cafe,,"19 Rue de Montmorency, 75003 Paris"
1019,,,Laïzé Opéra,75002,cafe,,"68 Passage Choiseul, 75002 Paris"
1020,,,Café Pimpin 17,75017,cafe,,"7 Rue Guy Môquet, 75017 Paris"
1021,,,CADUCÉE Café Contemporain,75017,table,,"19 Rue Brochant, 75017 Paris"
1022,,,WHITE Coffeeshop,75003,cafe,,"56 Rue de Turenne, 75003 Paris"
1024,,,Clove Coffee Shop,75018,cafe,coeur,"14 Rue Chappe, 75018 Paris"
1025,,,The Dancing Goat,75020,cafe,,"117 Av. Gambetta, 75020 Paris"
1026,,,Café Cayo,75013,cafe,,"9 Rue du Chevaleret, 75013 Paris"
1027,,,Café Caractère,75011,cafe,,"2 Rue des Taillandiers, 75011 Paris"
1029,,,GRAMME PARIS 11,75011,table,neobistrot,"96 Rue Jean-Pierre Timbaud, 75011 Paris"
1039,,,RECTO VERSO CAFÉ,75003,cafe,,"6 Rue Portefoin, 75003 Paris"
1040,,,Café Singuliers,75011,table,neobistrot,"2 Rue Titon, 75011 Paris"
1042,,,Café Nuances,75006,cafe,torrefacteur,"22 Rue du Vieux Colombier, 75006 Paris"
1044,,,Billot Club,75017,commerce,boucherie/coeur,"105 Avenue de Saint-Ouen, 75017 Paris"
1046,,,LiMONi,75011,commerce,epicerie/vins,"20 Rue Saint-Ambroise, 75011 Paris"
1048,,,La Bête Noire,75005,cafe,,"58 Rue Henri Barbusse, 75005 Paris"
1049,,,L'Agrumiste,75007,commerce,epicerie,"82 Rue de Sèvres, 75007 Paris"
1050,,,MAM,75017,commerce,patisserie,"22 Rue Fourcroy, 75017 Paris"
1054,,,Poissonnerie Viot,75006,commerce,poissonerie/coeur,"6 Rue Lobineau, 75006 Paris"
1057,,,ONOUL café épicerie fine coréenne,75015,commerce,epicerie/asiatique,"8 Rue Gramme, 75015 Paris"
1058,,,Kolam Paris,75010,table,indien,"27 Rue de Lancry, 75010 Paris"
1059,,,Krispy Korean Chicken I Poulet frit coréen,75017,table,asiatique,"22 Rue Biot, 75017 Paris"
1062,,,NOUR Comptoir,75011,pouce,dwich/orient,"38 Rue Jean-Pierre Timbaud, 75011 Paris"
1063,,,MOSUGO PARIS 14 PAR MORY SACKO,75014,pouce,,"22 Rue Raymond Losserand, 75014 Paris"
1064,,,BAOBAR,75004,table,asiatique,"42 Rue Sainte-Croix de la Bretonnerie, 75004 Paris"
1065,,,Zinzin,75009,pouce,dwich/orient,"5 Rue Jean-Baptiste Pigalle, 75009 Paris"
1067,,,BING SUTT,75003,cafe,,"22 Rue Béranger, 75003 Paris"
1068,,,Nakatsu,75018,table,asiatique,"25 Rue Ramey, 75018 Paris"
1069,,,Café Berry,75003,cafe,,"10 Rue Chapon, 75003 Paris"
1070,,,y-izakaya,75017,table,japonais,"14 Rue des Dames, 75017 Paris"
1071,,,Haikara Deep Fried,75011,table,japonais,"60 Boulevard Voltaire, 75011 Paris"
1074,,,KUMA - Marais,75004,table,japonais,"5 Rue des Ecouffes, 75004 Paris"
1077,,,KERN,75009,pouce,dwich,"35 Rue de Châteaudun, 75009 Paris"
1078,,,Mamiche Traiteur,75010,pouce,traiteur,"19 Rue Bouchardon, 75010 Paris"
1079,,,Parisik,75017,table,asiatique,"37 Rue des Dames, 75017 Paris"
1080,,,Bistrot Des Tournelles,75004,table,brasserie/coeur,"6 Rue des Tournelles, 75004 Paris"
1081,,,COMER parís.méxico,75010,table,mexicain,"96 Rue d'Hauteville, 75010 Paris"
1082,,,Kubri,75011,table,orient,"108 Rue Amelot, 75011 Paris"
1083,,,Kaïto,75006,table,japonais,"71 Rue de Seine, 75006 Paris"
1084,,,JIN,75001,table,japonais,"6 Rue de la Sourdière, 75001 Paris"
1085,,,Ojii,75007,table,japonais,"6 Rue Perronet, 75007 Paris"
1086,,,Le Chardonnay,75002,table,brasserie,"3 Rue Bachaumont, 75002 Paris"
1087,,,GRAIN[S],75006,table,neobistrot,"6 Rue Mabillon, 75006 Paris"
1088,,,Paul Chêne Cherche Midi,75006,table,brasserie,"79 Rue du Cherche-Midi, 75006 Paris"
1092,,,Le 404,75003,table,orient,"69 Rue des Gravilliers, 75003 Paris"
1094,,,Le Cyrano,75017,table,neobistrot,"3 Rue Biot, 75017 Paris"
1096,,,Santa Silvia,75020,table,neobistrot/italien,"22 Villa Riberolle, 75020 Paris"
1097,,,Géosmine,75011,table,neobistrot,"71 Rue de la Folie Méricourt, 75011 Paris"
1100,,,Vivant 2,75010,table,neobistrot,"43 Rue des Petites Écuries, 75010 Paris"
1102,,,Déviant,75010,table,neobistrot,"39 Rue des Petites Écuries, 75010 Paris"
1105,,,Delhi Bazaar,75011,table,indien/neobistrot,"71 Rue Servan, 75011 Paris"
1107,,,Le Pantruche,75009,table,neobistrot,"3 Rue Victor Massé, 75009 Paris"
1108,,,Jinchan shokudo,75012,table,japonais,"154 Rue du Faubourg Saint-Antoine, 75012 Paris"
1109,,,Les flacons,75005,bar,vins,"34 Rue des Écoles, 75005 Paris"
1111,,,Brasserie Rosie Lou,75002,table,brasserie,"31 Boulevard de Bonne Nouvelle, 75002 Paris"
1112,,,Sushi Yoshinaga,75002,table,japonais,"27 Rue du Quatre Septembre, 75002 Paris"
1113,,,Brasserie Des Prés,75006,table,neobistrot,"6 Cour du Commerce Saint-André, 75006 Paris"
1118,,,Misu,75015,table,asiatique/coeur,"8 bis Rue Falguière, 75015 Paris"
1119,,,Le Bistrot Flaubert,75017,table,neobistrot,"10 Rue Gustave Flaubert, 75017 Paris"
1120,,,Le Truffaut,75017,table,neobistrot,"89 Rue Truffaut, 75017 Paris"
1121,,,iRASSHAi,75001,commerce,asiatique/epicerie,"40 Rue du Louvre, 75001 Paris"
1122,,,Faubourg Daimant,75010,table,neobistrot/vege,"20 Rue du Faubourg Poissonnière, 75010 Paris"
1125,,,Elmer,75003,table,neobistrot,"30 Rue Notre Dame de Nazareth, 75003 Paris"
1126,,,Datil,75003,table,neobistrot,"13 Rue des Gravilliers, 75003 Paris"
1127,,,CHOUKRAN,75009,table,orient,"29 Rue Saint-Georges, 75009 Paris"
1130,,,Restaurant La Colline,75020,table,neobistrot,"10 Rue Pixérécourt, 75020 Paris"
1131,,,Chez Georges,75002,table,brasserie,"1 Rue du Mail, 75002 Paris"
1132,,,CUISINE,75009,table,neobistrot,"50 Rue Condorcet, 75009 Paris"
1136,,,Christophe Louie,75003,commerce,patisserie/boulangerie/coeur,"12 Rue Dupetit-Thouars, 75003 Paris"
1138,,,BUDDY BUDDY,75010,cafe,coeur,"15 Rue de Marseille, 75010 Paris"
1139,,,Motors Coffee,75001,cafe,coeur,"7 Rue des Halles, 75001 Paris"
1141,,,Café Pigalle,75009,cafe,,"7 Rue Frochot, 75009 Paris"
1142,,,Shakespeare and Company Café,75005,cafe,,"35 Rue de la Bûcherie, 75005 Paris"
1144,,,Café Blondie,75009,cafe,,"40 Rue Saint-Georges, 75009 Paris"
1148,,,Eataly,75004,commerce,epicerie/vins/italien,"37 Rue Sainte-Croix de la Bretonnerie, 75004 Paris"
1149,,,Florian Mésère Chocolatier,75017,commerce,chocolatier,"18 Rue de La Jonquière, 75017 Paris"
1150,,,MEHMET,75018,table,orient/coeur,"43 Rue Ramey, 75018 Paris"
1151,,,Folderol,75011,table,glace/coeur/vins,"10 Rue du Grand Prieuré, 75011 Paris"
1152,,,Peppe Pizzeria Martyrs,75009,table,italien,"61 R. des Martyrs, 75009 Paris"
1153,,,Epicerie - Primeur - Crèmerie - Charcuterie Terroirs d'Avenir,75017,commerce,epicerie/primeur/coeur,"123 Rue des Dames, 75017 Paris"
1154,,,Nodaïwa,75001,table,japonais/coeur,"272 Rue Saint-Honoré, 75001 Paris"
1155,,,Omusubi Gonbei Paris Palais-Royal,75001,pouce,japonais,"27 Rue des Petits Champs, 75001 Paris"
1156,,,Omusubi Gonbei Paris République,75003,pouce,japonais,"83 R. de Turbigo, 75003 Paris"
1157,,,Tapisserie - Motte Picquet,75007,commerce,patisserie/coeur,"16 Av. de la Motte-Picquet, 75007 Paris"
1158,,,Gido,75006,pouce,dwich/japonais,"37 Rue de l'Abbé Grégoire, 75006 Paris"
1159,,,OMURICE,75002,table,japonais,"10 Rue de Port-Mahon, 75002 Paris"
1160,,,Broche - shawarma au feu de bois,75002,pouce,orient/dwich,"49 Pass. des Panoramas, 75002 Paris"
1161,,,Restaurant Les délices de Tunisie,75020,table,orient,"9 Rue du Liban, 75020 Paris"
1162,,,Pin-Pan,75009,pouce,,"79 Rue Taitbout, 75009 Paris"
1163,,,Mắm From Hanoï,75002,table,asiatique,"39 Rue de Cléry, 75002 Paris"
1164,,,Taco Mesa,75010,pouce,mexicain,"40 Rue du Faubourg Poissonnière, 75010 Paris"
1172,,,Nouilles Ban Ban,75002,table,asiatique,"23 Rue des Petits Champs, 75002 Paris"
1173,,,Kiss,75009,pouce,dwich,"55 Rue du Faubourg Poissonnière, 75009 Paris"
1174,,,THE BUTCHER OF PARIS,75003,table,neobistrot,"39 Rue de Bretagne, 75003 Paris"
1175,,,Aube,75011,table,neobistrot,"8 Rue de la Main d'Or, 75011 Paris"
1177,,,Toraya,75001,table,japonais,"10 Rue Saint-Florentin, 75001 Paris"
1178,,,Cibus,75001,table,italien,"5 Rue Molière, 75001 Paris"
1182,,,Sellae,75013,table,neobistrot,"18 Rue des Wallons, 75013 Paris"
1183,,,Vecchio au Perchoir,75011,table,neobistrot/italien,"14 Rue Crespin du Gast, 75011 Paris"
1184,,,Terra Pizza,75003,table,italien,"67 Rue des Gravilliers, 75003 Paris"
1186,,,Maslow,75001,table,vege/neobistrot,"14 Quai de la Mégisserie, 75001 Paris"
1187,,,Boubalé,75004,table,neobistrot,"6 Rue des Archives, 75004 Paris"
1188,,,Donna,75003,table,neobistrot,"157 Rue Saint-Martin, 75003 Paris"
1189,,,Le Cheval d'Or,75019,table,neobistrot/asiatique,"21 Rue de la Villette, 75019 Paris"
1190,,,SUBACO,75018,table,neobistrot/japonais,"20 Rue Joseph Dijon, 75018 Paris"
1191,,,Candelaria,75003,bar,mexicain,"52 Rue de Saintonge, 75003 Paris"
1192,,,Pristine,75009,table,neobistrot,"8 Rue de Maubeuge, 75009 Paris"
1193,,,Paulownia,75020,table,neobistrot,"15 Rue des Vignoles, 75020 Paris"
1194,,,Double - Restaurant,75018,table,neobistrot,"87 Rue Lamarck, 75018 Paris"
1195,,,L'Orillon,75011,table,neobistrot/coeur,"35 Rue de l'Orillon, 75011 Paris"
1196,,,ChoCho,75010,table,neobistrot,"54 Rue de Paradis, 75010 Paris"
1198,,,MOTA,75009,cafe,,"23 Rue Joubert, 75009 Paris"
1199,,,Le Boréal,75018,table,neobistrot,"39 Rue Montcalm, 75018 Paris"
1201,,,PARPAINS,75019,cafe,,"30 Rue Tandou, 75019 Paris"
1203,,,Les trois chocolats Paris,75004,commerce,patisserie/chocolatier,"45 Rue Saint-Paul, 75004 Paris"
1204,,,Boulangerie Léonie - Trudaine,75009,commerce,patisserie/boulangerie,"15 Av. Trudaine, 75009 Paris"
1205,,,Boulangerie Leonie - Hauteville,75010,commerce,patisserie/boulangerie,"94 Rue d'Hauteville, 75010 Paris"
1209,,,Jolie Miche,75017,commerce,patisserie/boulangerie,"176 Av. de Clichy, 75017 Paris"
1215,,,PonPon Café,75001,cafe,japonais,"3 Rue Molière, 75001 Paris"
1216,,,I/O Café,75003,cafe,,"16 Rue Dupetit-Thouars, 75003 Paris"
1217,,,Sevenly Heart,75003,cafe,,"55 Rue des Archives, 75003 Paris"
1218,,,CHANCEUX Galande,75005,cafe,coeur/dwich,"63 Rue Galande, 75005 Paris"
1219,,,CHANCEUX St Maur,75011,cafe,dwich,"57 Rue Saint-Maur, 75011 Paris"
1221,,,Candle Kids,75020,cafe,,"107 Rue des Couronnes, 75020 Paris"
1225,,,Kodama Beaumarchais,75003,commerce,the,"69 Bd Beaumarchais, 75003 Paris"
1226,,,Arnaud Nicolas Lévis,75017,commerce,boucherie,"8 R. de Lévis, 75017 Paris"
1228,,,Les Vins Du Matin,75018,table,neobistrot,"73 Rue Riquet, 75018 Paris"
1229,,,Le Discobar,75020,bar,,"92 Rue Rebeval, 75019 Paris"
1230,,,Cravan paris,75006,bar,,"165 Bd Saint-Germain, 75006 Paris"
1233,,,Tanori,75003,pouce,japonais,"12 Rue Volta, 75003 Paris"
1235,,,INE,75010,table,japonais,"29 Rue d'Enghien, 75010 Paris"
1236,,,BUCK - Fried Chicken & Wine,75011,table,dwich,"25 Rue de la Forge Royale, 75011 Paris"
1237,,,Baby Love Burger Marais,75003,table,burger,"105 Rue Vieille du Temple, 75003 Paris"
1238,,,Blossom Burgers,75010,table,burger,"26 Rue de Chabrol, 75010 Paris"
1239,,,The Blossom Arms,75017,table,brasserie,"17 Rue Guy Môquet, 75017 Paris"
1240,,,Dogma,75010,pouce,dwich,"10 R. des Petites Écuries, 75010 Paris"
1247,,,4M2,75003,pouce,japonais,"4 Rue Charles-François Dupuis, 75003 Paris"
1249,,,GHIDO RAMEN,75010,table,japonais,"77 Rue du Faubourg Saint-Martin, 75010 Paris"
1250,,,Sammy and Joe paris,75011,cafe,dwich,"124 Rue du Chemin Vert, 75011 Paris"
1251,,,O Durum,93400,pouce,dwich/orient,"32 Bd Jean Jaurès, 93400 Saint-Ouen-sur-Seine"
1253,,,Brion Restaurant par Geoffrey Lengagne,75009,table,neobistrot,"17 Rue Lamartine, 75009 Paris"
1254,,,Le Cadoret,75019,table,neobistrot,"1 Rue Pradier, 75019 Paris"
1255,,,Les Pères Populaires,75020,table,neobistrot,"46 Rue de Buzenval, 75020 Paris"
1256,,,Caluche,75005,table,neobistrot,"12 Rue de Mirbel, 75005 Paris"
1257,,,Restaurant Janine,75017,table,neobistrot,"90 Rue des Dames, 75017 Paris"
1259,,,19 SAINT ROCH.,75001,table,neobistrot,"19 Rue Saint-Roch, 75001 Paris"
1260,,,Cavalier.,75011,table,neobistrot,"22 Rue du Faubourg du Temple, 75011 Paris"
1261,,,Majouja,75009,pouce,orient,"43 Rue Laffitte, 75009 Paris"
1262,,,Galette Café,75007,table,crepes,"2 Rue de l'Université, 75007 Paris"
1263,,,Restaurant Ventrus - Parc de La Villette,75019,table,neobistrot,"1 Allée. du Canal, 75019 Paris"
1264,,,Micho,75001,table,neobistrot/dwich/coeur,"46 Rue de Richelieu, 75001 Paris"
1266,,,L'arpaon,75018,table,neobistrot,"57 Rue Montcalm, 75018 Paris"
1267,,,DANDELION,75020,table,neobistrot/coeur,"46 Rue des Vignoles, 75020 Paris"
1268,,,Superposé,75011,table,neobistrot,"103 Rue Saint-Maur, 75011 Paris"
1269,,,Trouble,75009,table,neobistrot,"15 Rue Hippolyte Lebas, 75009 Paris"
1270,,,OOBATZ,75011,table,italien/coeur,"4bis Av. Jean Aicard, 75011 Paris"
1271,,,Mojju,75007,table,asiatique,"4 Rue de l'Exposition, 75007 Paris"
1272,,,YUJIN,75002,table,asiatique,"53 Pass. des Panoramas, 75002 Paris"
1273,,,Le Mary Celeste,75003,table,neobistrot,"1 Rue Commines, 75003 Paris"
1274,,,Fellows - Restaurant Paris 10,75010,table,neobistrot,"84 Rue du Faubourg Saint-Denis, 75010 Paris"
1275,,,RORI,75011,table,italien,"96 Rue Jean-Pierre Timbaud, 75011 Paris"
1276,,,Scarpetta,75009,table,italien/neobistrot,"72 Rue Marguerite de Rochechouart, 75009 Paris"
1277,,,Rosette,92110,table,brasserie,"77 Rue de Paris, 92110 Clichy"
1278,,,Le Cornichon,75011,table,neobistrot,"2 Rue des Goncourt, 75011 Paris"
1279,,,L'Attache,75011,table,neobistrot,"52 Rue Basfroi, 75011 Paris"
1280,,,Café les Deux Gares,75010,table,neobistrot,"1 Rue des Deux Gares, 75010 Paris"
1281,,,Crêperie Armelle - Bourse Paris 2,75002,table,crepes,"7 Rue Saint-Marc, 75002 Paris"
1282,,,Pluto,75004,table,neobistrot,"44 Rue Sainte-Croix de la Bretonnerie, 75004 Paris"
1283,,,Panorama,75011,table,neobistrot,"153 Rue Saint-Maur, 75011 Paris"
1284,,,hubo,75008,pouce,dwich,"41 Rue de Londres, 75008 Paris"
1285,,,TRÂM 130,75011,table,neobistrot,"130 Rue Saint-Maur, 75011 Paris"
1286,,,Cendrillon,75020,table,neobistrot,"50 Rue Piat, 75020 Paris"
1287,,,Adami,75009,table,neobistrot,"19bis Rue Pierre Fontaine, 75009 Paris"
1289,,,Boulangerie EVEIL,75017,commerce,boulangerie/coeur,"100 Rue Legendre, 75017 Paris"
1290,,,Atelier P1 Pantin,93500,commerce,boulangerie,"41 bis Rue Hoche, 93500 Pantin"
1291,,,JJ Hings Ice Cream,75010,commerce,glace/coeur,"46 Rue Bichat, 75010 Paris"
1292,,,Broken Biscuits,75010,cafe,,"18 Rue du Faubourg Poissonnière, 75010 Paris"
1293,,,REŸS - Glaces Eternelles,75004,commerce,glace,"4 Rue du Bourg Tibourg, 75004 Paris"
1294,,,Café Nuances,75008,cafe,torrefacteur,"10 Rue de la Tremoille, 75008 Paris"
1296,,,Kawa Coffee - La boutique,75003,cafe,torrefacteur,"96 Rue des Archives, 75003 Paris"
1297,,,Kawa Coffee - Victoria,75001,cafe,torrefacteur,"22 Av. Victoria, 75001 Paris"
1298,,,FAUNA,75011,cafe,,"12 Rue Oberkampf, 75011 Paris"
1299,,,Café du Clown Coffee Shop,75006,cafe,,"6 Rue Lobineau, 75006 Paris"
1300,,,Simple Coffee Paris,75018,cafe,,"78 R. des Martyrs, 75018 Paris"
1301,,,CORTADO COFFEE,75003,cafe,,"31 Rue Charlot, 75003 Paris"
1302,,,GRAVE,75003,cafe,,"34 Rue des Gravilliers, 75003 Paris"
1303,,,SAMPLE CAFE PARIS,75003,cafe,,"5 Rue Notre Dame de Nazareth, 75003 Paris"
1304,,,"Moonlight café, coffee shop, specialty coffee",75003,cafe,,"27 Rue des Gravilliers, 75003 Paris"
1305,,,Dreamin Man Roastery,75001,cafe,,"31 Rue Coquillière, 75001 Paris"
1306,,,CAFE SHIN,75010,cafe,,"47 R. des Petites Écuries, 75010 Paris"
1307,,,Chaize,75020,cafe,,"24 Bd de Ménilmontant, 75020 Paris"
1308,,,Alba Coffee Roasters,75018,cafe,torrefacteur,"62 Rue du Ruisseau, 75018 Paris"
1309,,,Au Bec Fin Paris,75017,commerce,boucherie/coeur,"46 Rue des Batignolles, 75017 Paris"
1310,,,Le champ des rêves,75017,commerce,primeur/epicerie,"25 Rue de La Jonquière, 75017 Paris"
1311,,,Miyam Beaubourg,75003,commerce,primeur/epicerie,"82 Rue Beaubourg, 75003 Paris"
1312,,,ACE MART LOUVRE,75001,commerce,epicerie/japonais,"3 Rue du Louvre, 75001 Paris"
1313,,,Miyam Poteau,75018,commerce,primeur/epicerie,"11 Rue du Poteau, 75018 Paris"
1314,,,Miyam Aligre,75011,commerce,primeur/epicerie,"161 Rue du Faubourg Saint-Antoine, 75011 Paris"
1315,,,Fromagerie Double Crème,93500,commerce,cremerie,"31 Rue Méhul, 93500 Pantin"
1316,,,Sobremesa,75018,table,neobistrot,"127 Rue Caulaincourt, 75018 Paris"
1317,,,kiosk,75002,pouce,traiteur/dwich,"18 Rue Saint-Fiacre, 75002 Paris"
1318,,,"MOSUGO PARIS 2 PAR MORY SACKO",75002,pouce,,"35 Rue des Jeuneurs, 75002 Paris"
1319,,,O Dürüm 2,93400,pouce,orient/dwich,"16 Bis Av. Gabriel Péri, 93400 Saint-Ouen-sur-Seine"
1320,,,MARI MARI,75002,table,asiatique,"23 Rue d'Antin, 75002 Paris"
1321,,,Buttes Snack Bar,75019,table,neobistrot,"10 Rue Pradier, 75019 Paris"
1322,,,MA-SHI-TA,75014,table,asiatique,"9 Rue Poirier de Narçay, 75014 Paris"
1323,,,ROND - Sarrazin et Calvados -,75020,table,crepes,"21 Rue du Transvaal, 75020 Paris"
1324,,,La Datcha Paris,75011,table,neobistrot,"62 Rue Jean-Pierre Timbaud, 75011 Paris"
1325,,,Alfi's,75001,table,italien,"26 Rue du Mont Thabor, 75001 Paris"
1326,,,Coloré - Restaurant Paris 18,75018,table,neobistrot,"20 Rue du Ruisseau, 75018 Paris"
1327,,,Le Café de l'Usine,75011,table,neobistrot,"5 Pass. Piver, 75011 Paris"
1328,,,Les Mascareignes,75011,table,,"202 Bd Voltaire, 75011 Paris"
1329,,,Braise,75008,table,neobistrot,"19 Rue d'Anjou, 75008 Paris"
1330,,,On Restaurant,75001,table,asiatique,"39 Rue Saint-Roch, 75001 Paris"
1331,,,ajar,75010,table,mexicain,"34 Rue Sainte-Marthe, 75010 Paris"
1332,,,Adar - Traiteur & épicerie,75011,commerce,traiteur,"11 Rue Faidherbe, 75011 Paris"
1333,,,Onisuko,75006,commerce,patisserie/japonais,"13 Rue du Vieux Colombier, 75006 Paris"
1334,,,Onisuko,75004,commerce,patisserie/japonais,"25 Rue de Turenne, 75004 Paris"
1335,,,La Combine - Glaces à l’italienne,75010,commerce,glace,"44 Rue de Lancry, 75010 Paris"
1336,,,Ara Chocolat,75009,commerce,chocolatier,"41bis Rue Condorcet, 75009 Paris"
1337,,,Misutira,75005,commerce,patisserie,"24 Rue des Patriarches, 75005 Paris"
1338,,,Pleincœur,75017,commerce,patisserie,"64 Rue des Batignolles, 75017 Paris"
1339,,,Ondo,75010,table,,"166 Rue du Faubourg Poissonnière, 75010 Paris"
1340,,,Doppio Coffee,75011,cafe,,"64 Rue Oberkampf, 75011 Paris"
1341,,,Unthaitled.,75003,cafe,,"8 Rue Charles-François Dupuis, 75003 Paris"
1342,,,57 grains Coffee Shop,75018,cafe,,"57 Rue du Mont-Cenis, 75018 Paris"
1343,,,L'Arbre à Café - Odéon,75006,cafe,torrefacteur,"15 Carrefour de l'Odéon, 75006 Paris"
1344,,,Café jaune,93400,cafe,,"96 Rue des Rosiers, 93400 Saint-Ouen-sur-Seine"
1345,,,L'Arbre à Café - Martyrs,75009,cafe,torrefacteur,"35 R. des Martyrs, 75009 Paris"
1346,,,L'Arbre à Café - Rue du Nil,75002,cafe,torrefacteur,"10 Rue du Nil, 75002 Paris"
1347,,,Causeries Paris - Specialty coffee & natural wine,75003,cafe,,"19 Rue du Parc Royal, 75003 Paris"
1348,,,Mokochaya,75011,cafe,japonais,"11 Rue Saint-Bernard, 75011 Paris"
1349,,,Trouvailles & Terroirs,75009,commerce,primeur/coeur,"10 Rue Alfred Stevens, 75009 Paris"
1350,,,TAKA & VERMO - Artisans Fromagers,75003,commerce,cremerie,"20 Rue des Gravilliers, 75003 Paris"
1351,,,Fromagerie Fernin,75010,commerce,cremerie,"204 Rue du Faubourg Saint-Martin, 75010 Paris"
1352,,,Bar Nouveau,75003,bar,,"5 Rue des Haudriettes, 75003 Paris"
1353,,,Soon Grill,75008,table,asiatique,"20 Rue Jean Mermoz, 75008 Paris"
1354,,,,,,,
1355,,,,,,,
1356,,,,,,,
1357,,,,,,,
1358,,,,,,,
1359,,,,,,,
1360,,,,,,,
1361,,,,,,,
1362,,,,,,,
1363,,,,,,,
1364,,,,,,,
1365,,,,,,,
1366,,,,,,,
1367,,,,,,,
1368,,,,,,,